Date_file,Midden:0-19,Midden:20+,Midden:Other,Noord:0-19,Noord:20+,Noord:Other,Zuid:0-19,Zuid:20+,Zuid:Other
2020-07-01,645,21313,26,310,12603,6,221,15194,17
2020-07-02,650,21347,26,316,12621,6,223,15206,17
2020-07-03,653,21379,27,321,12642,6,223,15219,17
2020-07-04,660,21405,27,321,12655,6,224,15233,17
2020-07-05,667,21440,27,326,12668,6,227,15243,17
2020-07-06,669,21466,27,326,12672,6,227,15247,17
2020-07-07,672,21477,27,328,12681,6,229,15257,17
2020-07-08,679,21492,27,330,12697,6,230,15268,17
2020-07-09,685,21522,27,331,12702,6,230,15278,17
2020-07-10,687,21538,27,333,12711,6,230,15291,17
2020-07-11,692,21580,27,337,12725,6,232,15305,17
2020-07-12,699,21637,27,341,12735,6,234,15326,17
2020-07-13,704,21670,27,341,12752,6,235,15341,17
2020-07-14,712,21727,27,343,12760,6,238,15316,17
2020-07-15,719,21787,27,346,12778,6,243,15329,17
2020-07-16,725,21831,27,350,12802,6,247,15346,17
2020-07-17,732,21880,27,356,12819,6,253,15364,17
2020-07-18,737,21937,27,362,12843,6,258,15394,17
2020-07-19,743,22000,27,373,12881,6,268,15410,17
2020-07-20,756,22093,27,378,12922,6,276,15435,17
2020-07-21,765,22186,28,384,12958,6,281,15448,17
2020-07-22,773,22273,28,389,12996,6,286,15473,17
2020-07-23,787,22368,28,392,13030,6,293,15483,17
2020-07-24,796,22472,27,402,13067,6,298,15510,17
2020-07-25,802,22539,27,403,13106,6,301,15531,17
2020-07-26,809,22659,27,408,13154,6,304,15562,17
2020-07-27,821,22754,27,418,13214,6,310,15584,17
2020-07-28,835,22865,27,420,13266,6,315,15623,17
2020-07-29,845,22995,27,423,13320,6,329,15659,17
2020-07-30,865,23161,27,439,13403,6,338,15707,17
2020-07-31,891,23340,27,450,13483,6,348,15739,17
2020-08-01,920,23565,27,456,13592,6,354,15795,17
2020-08-02,948,23759,27,466,13657,6,367,15851,17
2020-08-03,973,23949,27,474,13741,6,372,15911,17
2020-08-04,984,24166,27,486,13920,6,381,15968,17
2020-08-05,1018,24382,27,496,14021,6,390,16024,17
2020-08-06,1051,24660,27,518,14222,6,397,16084,17
2020-08-07,1085,24918,27,527,14357,6,408,16156,17
2020-08-08,1120,25123,27,548,14497,6,422,16227,17
2020-08-09,1147,25412,27,564,14633,6,442,16316,17
2020-08-10,1191,25679,27,591,14847,6,452,16384,17
2020-08-11,1239,25997,27,624,15072,6,470,16521,17
2020-08-12,1280,26331,27,650,15249,6,477,16590,17
2020-08-13,1323,26616,27,671,15399,6,481,16664,17
2020-08-14,1347,26886,27,692,15630,6,496,16739,17
2020-08-15,1384,27170,27,717,15827,6,519,16828,17
2020-08-16,1402,27388,27,745,15967,6,550,16900,17
2020-08-17,1434,27565,27,771,16146,6,567,16951,17
2020-08-18,1460,27745,27,793,16325,6,578,17022,17
2020-08-19,1497,27974,27,820,16497,6,596,17091,17
2020-08-20,1531,28179,27,848,16679,6,607,17160,17
2020-08-21,1564,28378,27,871,16848,6,621,17257,17
2020-08-22,1596,28616,27,894,16961,6,632,17348,17
2020-08-23,1628,28786,27,908,17095,6,643,17444,17
2020-08-24,1673,29012,27,935,17260,6,662,17536,17
2020-08-25,1696,29148,27,954,17413,6,676,17606,17
2020-08-26,1729,29394,27,974,17562,6,700,17705,17
2020-08-27,1762,29610,27,987,17708,7,710,17796,17
2020-08-28,1793,29809,27,1015,17846,7,735,17882,17
2020-08-29,1823,29988,27,1030,17999,7,749,17992,17
2020-08-30,1857,30244,27,1043,18119,7,760,18066,17
2020-08-31,1897,30448,27,1065,18284,7,772,18150,17
2020-09-01,1946,30639,27,1074,18426,7,787,18206,17
2020-09-02,2009,30976,27,1102,18637,8,800,18287,17
2020-09-03,2054,31248,27,1118,18821,8,809,18362,17
2020-09-04,2111,31583,27,1145,19035,8,830,18452,17
2020-09-05,2164,31842,27,1172,19237,8,850,18545,17
2020-09-06,2233,32295,27,1204,19474,8,874,18655,17
2020-09-07,2294,32646,27,1244,19713,8,897,18738,17
2020-09-08,2362,33077,27,1299,20006,8,917,18835,17
2020-09-09,2455,33632,27,1341,20310,8,942,18956,17
2020-09-10,2505,33996,27,1376,20568,8,957,19057,17
2020-09-11,2604,34614,27,1433,20914,8,985,19179,17
2020-09-12,2684,35206,27,1482,21268,8,1010,19310,17
2020-09-13,2758,35625,27,1537,21637,9,1048,19441,17
2020-09-14,2878,36218,27,1596,22015,9,1071,19568,17
2020-09-15,2993,36790,27,1678,22480,9,1093,19691,17
2020-09-16,3119,37484,27,1756,22957,9,1121,19830,17
2020-09-17,3262,38254,28,1833,23483,9,1151,20036,17
2020-09-18,3414,39115,28,1923,24111,9,1200,20230,17
2020-09-19,3548,39845,28,2011,24751,9,1258,20467,17
2020-09-20,3692,40627,28,2112,25372,9,1286,20635,17
2020-09-21,3897,41635,28,2195,25987,9,1331,20896,17
2020-09-22,4089,42515,28,2307,26741,9,1389,21145,17
2020-09-23,4260,43517,28,2416,27418,9,1454,21478,17
2020-09-24,4491,44579,28,2531,28147,9,1520,21819,17
2020-09-25,4672,45752,28,2649,29039,9,1587,22165,17
2020-09-26,4871,46955,28,2762,29893,11,1638,22456,17
2020-09-27,5079,48252,29,2885,30834,11,1701,22818,17
2020-09-28,5341,49532,31,3014,31605,11,1771,23218,17
2020-09-29,5549,50762,30,3157,32566,11,1837,23622,17
2020-09-30,5790,52234,30,3314,33576,11,1885,23988,17
2020-10-01,5999,53658,30,3444,34577,11,1950,24411,17
2020-10-02,6250,55350,30,3610,35656,11,2033,24965,17
2020-10-03,6526,57054,30,3773,36774,11,2113,25591,17
2020-10-04,6794,58732,30,3923,38002,12,2200,26182,17
2020-10-05,7099,60689,30,4108,39382,11,2297,26838,17
2020-10-06,7412,62576,32,4301,40659,12,2400,27590,17
2020-10-07,7717,64716,33,4488,42150,12,2498,28356,18
2020-10-08,8087,67332,37,4682,43747,12,2600,29295,18
2020-10-09,8482,70090,39,4907,45348,13,2694,30189,19
2020-10-10,8900,72696,40,5143,47173,14,2829,31466,19
2020-10-11,9294,75317,45,5403,48965,15,2967,32628,19
2020-10-12,9707,78066,44,5694,51124,15,3124,33705,19
2020-10-13,10225,81150,47,6044,53321,18,3262,34790,19
2020-10-14,10633,84043,54,6308,55392,17,3463,36233,20
2020-10-15,11146,87429,54,6540,57348,17,3659,37738,23
2020-10-16,11634,90411,55,6875,59956,17,3829,39137,24
2020-10-17,12106,93570,58,7200,62553,17,4001,40525,22
2020-10-18,12629,97112,60,7485,64845,18,4163,41899,23
2020-10-19,13153,100343,68,7794,67203,18,4344,43281,22
2020-10-20,13628,103500,69,8133,69583,19,4529,44909,21
2020-10-21,14123,106919,77,8475,72104,23,4764,46628,21
2020-10-22,14642,111071,78,8803,74638,23,4953,48176,21
2020-10-23,15112,115222,82,9227,77649,23,5148,49917,21
2020-10-24,15555,118994,84,9567,80046,26,5322,51437,21
2020-10-25,16124,123414,83,9997,83023,31,5510,53049,23
2020-10-26,16604,127475,87,10403,85433,30,5855,55685,25
2020-10-27,17195,131890,92,10795,88096,31,6078,57686,26
2020-10-28,17611,135151,94,11053,90175,29,6313,59538,27
2020-10-29,18184,139499,99,11363,92766,29,6585,61702,28
2020-10-30,18946,144553,93,11765,95615,28,6851,63495,28
2020-10-31,19515,148578,94,12120,98274,28,7093,65448,28
2020-11-01,20003,152174,93,12415,100373,28,7326,67421,28
2020-11-02,20490,155718,90,12687,102070,28,7574,69463,27
2020-11-03,20912,158863,89,12950,103870,28,7806,71345,27
2020-11-04,21322,161843,87,13225,105728,28,8047,73216,27
2020-11-05,21693,164653,84,13516,107603,29,8219,74664,27
2020-11-06,22092,167627,85,13806,109418,29,8397,76249,27
2020-11-07,22446,170205,83,14079,111211,29,8594,77727,27
2020-11-08,22773,172493,82,14313,112673,30,8767,78907,27
2020-11-09,23003,174297,82,14517,113993,30,8891,79905,27
2020-11-10,23292,176196,79,14699,115232,30,8996,80861,27
2020-11-11,23622,178327,79,14891,116622,30,9168,82053,27
2020-11-12,23965,180616,79,15176,118206,30,9287,83067,27
2020-11-13,24328,182973,79,15500,119928,30,9452,84226,28
2020-11-14,24677,185191,80,15772,121312,30,9645,85723,28
2020-11-15,25035,187373,79,16044,122675,30,9796,86811,28
2020-11-16,25339,189100,78,16305,123873,30,9952,87996,28
2020-11-17,25596,190622,78,16516,125011,31,10083,89038,28
2020-11-18,25897,192315,79,16747,126304,31,10235,89976,28
2020-11-19,26311,194559,79,16999,127530,32,10444,91275,28
2020-11-20,26782,196948,78,17328,128988,32,10641,92365,28
2020-11-21,27272,199017,78,17722,130674,33,10823,93613,28
2020-11-22,27715,200956,78,18016,132018,33,11020,94784,28
2020-11-23,28123,202640,78,18330,133501,33,11242,95843,28
2020-11-24,28420,203951,74,18600,134596,32,11401,96642,28
2020-11-25,28839,205830,74,18845,135783,32,11603,97619,28
2020-11-26,29208,207510,74,19083,136961,32,11759,98468,28
2020-11-27,29728,209416,74,19406,138427,32,12027,99728,28
2020-11-28,30093,210989,74,19695,139674,32,12174,100566,28
2020-11-29,30559,213038,74,19992,141083,32,12405,101700,27
2020-11-30,30899,214500,74,20309,142405,32,12590,102642,27
2020-12-01,31176,215861,73,20541,143519,32,12758,103535,28
2020-12-02,31626,217690,73,20804,144791,32,12932,104468,28
2020-12-03,32120,219695,73,21143,146206,32,13164,105589,28
2020-12-04,32682,221858,74,21453,147557,33,13395,106844,28
2020-12-05,33260,224008,74,21850,149205,33,13663,108323,29
2020-12-06,33821,226352,74,22326,150976,33,13953,109660,29
2020-12-07,34480,228675,75,22772,152812,33,14283,111131,30
2020-12-08,35038,230670,75,23192,154383,33,14559,112457,30
2020-12-09,35636,232820,75,23653,156094,33,14819,113805,30
2020-12-10,36451,235905,75,24185,158236,34,15206,115563,30
2020-12-11,37338,239094,75,24680,160170,34,15656,117446,30
2020-12-12,38174,242091,75,25298,162419,34,16085,119397,30
2020-12-13,39036,245401,75,25928,164803,34,16556,121624,30
2020-12-14,39830,248157,75,26480,167038,34,16930,123370,30
2020-12-15,40408,250053,75,26940,168900,34,17262,124875,30
2020-12-16,41324,253838,76,27605,171865,34,17756,127218,30
2020-12-17,42264,258039,76,28311,175463,34,18285,130023,30
2020-12-18,43196,262441,76,28946,178562,34,18760,132411,30
2020-12-19,44019,266341,76,29623,182210,35,19273,135066,30
2020-12-20,45006,270810,76,30305,185880,35,19753,137810,30
2020-12-21,45787,274531,77,30979,189055,35,20203,140174,32
2020-12-22,46438,277731,77,31461,191957,35,20559,142392,33
2020-12-23,47111,281246,78,31971,194926,35,20941,144731,32
2020-12-24,47853,285289,78,32536,198348,35,21332,147066,33
2020-12-25,48605,289274,79,33108,201856,35,21701,149367,32
2020-12-26,49305,292730,79,33616,204851,35,21988,151269,32
2020-12-27,49872,295466,79,34049,207672,36,22331,153448,32
2020-12-28,50385,298083,79,34442,209759,36,22591,154993,32
2020-12-29,50784,300628,79,34811,212164,36,22823,156545,32
2020-12-30,51303,304116,80,35221,215132,36,23065,158314,33
2020-12-31,51769,307488,80,35690,218357,36,23315,160212,34
2021-01-01,52167,310451,80,36025,221017,37,23555,161798,34
2021-01-02,52643,313561,80,36362,223727,37,23798,163523,34
2021-01-03,52935,315640,80,36748,226261,37,24039,165389,34
2021-01-04,53301,317988,80,37069,228371,37,24222,166624,34
2021-01-05,53644,320049,80,37350,230301,37,24458,168111,34
2021-01-06,54036,322570,81,37678,232454,37,24666,169607,34
2021-01-07,54670,325976,81,38180,235398,37,24974,171440,34
2021-01-08,55085,328388,81,38666,238055,37,25291,173277,34
2021-01-09,55506,330909,81,39033,240074,37,25556,175005,34
2021-01-10,55895,332970,82,39416,242125,36,25806,176483,34
2021-01-11,56169,334627,82,39638,243800,36,26020,177857,34
2021-01-12,56415,336131,81,39866,245441,36,26190,178941,34
2021-01-13,56731,338430,81,40127,247202,36,26375,180205,34
2021-01-14,57032,340516,80,40433,249321,37,26583,181651,34
2021-01-15,57340,342546,80,40708,251197,37,26799,182955,34
2021-01-16,57595,344157,80,40934,252772,37,27013,184334,34
2021-01-17,57867,345873,80,41241,254561,39,27185,185674,34
2021-01-18,58093,347221,81,41480,256172,39,27336,186852,34
2021-01-19,58261,348472,81,41684,257647,39,27485,187877,34
2021-01-20,58545,350432,81,41922,259344,39,27621,189092,34
2021-01-21,58814,352265,81,42198,261191,39,27798,190464,34
2021-01-22,59081,354183,81,42441,262960,39,27973,191836,34
2021-01-23,59324,355900,81,42711,264611,38,28162,193180,35
2021-01-24,59559,357369,81,42959,266189,39,28311,194391,35
2021-01-25,59775,358650,81,43142,267367,39,28460,195401,35
2021-01-26,59968,359854,81,43362,268632,39,28586,196310,35
2021-01-27,60219,361285,81,43565,270132,39,28734,197502,36
2021-01-28,60435,362729,81,43800,271531,39,28908,198693,36
2021-01-29,60633,364068,81,43980,272862,39,29059,199844,36
2021-01-30,60815,365317,80,44193,274150,39,29217,200927,37
2021-01-31,60974,366339,80,44403,275331,39,29352,201920,37
2021-02-01,61122,367310,80,44549,276268,39,29465,202793,37
2021-02-02,61300,368554,81,44717,277351,39,29586,203559,37
2021-02-03,61492,369716,80,44927,278602,39,29734,204610,37
2021-02-04,61682,370992,81,45162,279924,39,29899,205614,37
2021-02-05,61921,372462,81,45367,281166,39,30059,206619,37
2021-02-06,62128,373696,81,45590,282350,39,30218,207687,37
2021-02-07,62372,374863,81,45836,283597,39,30384,208551,37
2021-02-08,62484,375458,81,46015,284319,40,30483,209064,37
2021-02-09,62567,375972,82,46092,284856,40,30559,209520,37
2021-02-10,62739,376916,83,46247,285887,40,30696,210263,37
2021-02-11,63001,378409,83,46449,287257,40,30838,211188,37
2021-02-12,63205,379767,84,46696,288699,40,30975,212140,37
2021-02-13,63465,381111,84,46973,290082,40,31092,212953,37
2021-02-14,63656,382066,84,47171,291279,40,31210,213741,37
2021-02-15,63828,382827,84,47360,292253,40,31314,214351,37
2021-02-16,63977,383628,84,47536,293172,40,31407,214914,37
2021-02-17,64131,384746,87,47703,294284,40,31491,215637,37
2021-02-18,64494,386148,87,48005,295606,40,31633,216624,37
2021-02-19,64756,387521,87,48323,297173,40,31826,217637,37
2021-02-20,65038,388801,87,48607,298623,40,31999,218733,37
2021-02-21,65327,390096,87,48868,300122,40,32244,219818,37
2021-02-22,65602,391232,87,49184,301401,40,32463,220755,37
2021-02-23,65784,392411,87,49427,302609,40,32643,221560,37
2021-02-24,66048,393699,87,49736,303929,40,32850,222534,37
2021-02-25,66457,395289,87,50070,305319,40,33084,223588,37
2021-02-26,66758,396703,87,50484,307008,40,33315,224652,37
2021-02-27,67146,398145,87,50877,308590,40,33538,225561,37
2021-02-28,67471,399519,87,51248,310128,40,33744,226416,37
2021-03-01,67792,400671,87,51575,311265,41,33912,227072,37
2021-03-02,68096,401979,87,51890,312470,40,34090,227744,37
2021-03-03,68472,403344,87,52287,314072,40,34378,228713,37
2021-03-04,68818,404792,87,52615,315206,41,34523,229424,38
2021-03-05,69231,406195,87,52971,316566,41,34768,230316,38
2021-03-06,69618,407671,87,53427,318203,41,35018,231446,38
2021-03-07,69988,408967,87,53821,319586,41,35253,232294,38
2021-03-08,70339,410241,87,54093,320634,41,35443,232993,38
2021-03-09,70707,411574,87,54412,321875,41,35674,233794,38
2021-03-10,71178,413152,87,54832,323469,41,35928,234749,38
2021-03-11,71694,414937,87,55185,324946,41,36210,235658,38
2021-03-12,72199,416818,88,55651,326647,41,36555,236785,38
2021-03-13,72743,418934,88,56123,328428,41,36861,237962,38
2021-03-14,73283,420861,88,56584,329983,41,37182,239132,38
2021-03-15,73774,422541,88,57004,331511,41,37465,240199,38
2021-03-16,74236,424038,88,57389,332874,41,37740,241119,38
2021-03-17,74853,426012,88,57832,334444,41,38043,242136,38
2021-03-18,75441,427944,88,58316,336166,41,38333,243245,38
2021-03-19,76277,430501,88,58864,338069,41,38670,244439,38
2021-03-20,76944,432761,88,59470,339945,41,39152,246141,38
2021-03-21,77602,434960,88,60015,341772,41,39539,247490,38
2021-03-22,78281,437049,88,60467,343243,42,39892,248706,38
2021-03-23,78839,438866,89,60905,344639,42,40221,249727,38
2021-03-24,79638,441380,90,61413,346571,42,40635,251138,38
2021-03-25,80448,443874,90,62019,348502,42,41072,252562,38
2021-03-26,81352,446470,90,62585,350288,42,41488,253856,38
2021-03-27,82169,449317,90,63273,352547,42,41960,255571,38
2021-03-28,82845,451631,90,63832,354378,42,42412,257169,38
2021-03-29,83515,453697,90,64345,356039,42,42819,258570,38
2021-03-30,84125,455775,90,64724,357321,42,43145,259723,38
2021-03-31,84851,458470,90,65223,359150,42,43619,261133,38
2021-04-01,85627,461134,91,65720,361085,42,44080,262626,38
2021-04-02,86404,463645,91,66210,362727,42,44452,264087,38
2021-04-03,87041,466218,93,66694,364500,42,44938,265760,38
2021-04-04,87614,468533,93,67143,366030,42,45376,267277,38
2021-04-05,88191,470144,94,67508,367258,42,45732,268459,38
2021-04-06,88779,472005,95,67884,368539,43,46090,269534,38
2021-04-07,89432,474152,95,68323,369934,43,46466,270870,38
2021-04-08,90323,476948,95,68772,371554,43,46950,272413,38
2021-04-09,91019,479742,95,69217,373224,43,47404,273989,38
2021-04-10,91717,482354,95,69674,374963,44,47859,275703,38
2021-04-11,92482,485248,95,70115,376792,44,48367,277484,38
2021-04-12,93083,487341,95,70564,378306,44,48763,279106,38
2021-04-13,93741,489707,95,70943,379800,44,49166,280491,38
2021-04-14,94214,491452,95,71299,380965,44,49531,281773,38
2021-04-15,95074,494550,95,71819,382989,44,50064,283472,38
2021-04-16,95959,497575,95,72385,384912,44,50628,285407,38
2021-04-17,96813,500626,95,72911,386601,44,51183,287017,38
2021-04-18,97690,503535,95,73432,388419,44,51718,288862,38
2021-04-19,98440,505895,96,73889,389996,44,52192,290360,38
2021-04-20,99097,508267,96,74350,391446,44,52619,291815,38
2021-04-21,99955,511200,96,74855,393104,44,53208,293743,38
2021-04-22,100984,514572,96,75529,395205,45,53788,295597,38
2021-04-23,101882,517632,96,76145,397134,46,54480,297611,38
2021-04-24,102649,520465,96,76664,398772,46,55035,299358,39
2021-04-25,103378,523062,97,77126,400366,46,55615,301408,39
2021-04-26,104032,525040,97,77567,401750,46,56060,302706,39
2021-04-27,104511,526539,97,77929,403025,46,56432,304056,39
2021-04-28,105428,529567,97,78396,404736,46,57064,305950,39
2021-04-29,106095,531947,97,78823,406291,46,57626,307630,39
2021-04-30,106876,534606,97,79234,407843,46,58175,309436,39
2021-05-01,107358,536355,98,79579,409080,46,58592,310960,39
2021-05-02,108009,538552,98,79903,410226,46,58855,311887,39
2021-05-03,108824,541583,98,80510,412455,46,59419,313828,39
2021-05-04,109456,544281,98,80885,414186,46,59921,315615,39
2021-05-05,110106,546670,99,81319,415809,46,60414,317298,39
2021-05-06,110624,548760,99,81758,417450,47,60837,318975,39
2021-05-07,111350,551324,100,82206,419117,47,61283,320604,39
2021-05-08,112034,553733,100,82692,420804,47,61743,322276,40
2021-05-09,112644,555921,100,83052,422119,47,62208,323891,40
2021-05-10,113192,557683,100,83464,423585,47,62546,325223,40
2021-05-11,113740,559485,100,83842,424875,47,62859,326410,40
2021-05-12,114349,561605,100,84228,426269,47,63273,327843,40
2021-05-13,114886,563695,100,84633,427584,47,63631,329151,40
2021-05-14,115342,565459,100,85000,428831,47,63988,330475,40
2021-05-15,115700,566863,100,85308,429828,47,64296,331546,40
2021-05-16,116084,568294,100,85603,430791,47,64598,332607,40
2021-05-17,116353,569278,100,85818,431415,47,64758,333184,40
2021-05-18,116885,571013,101,86146,432573,47,65097,334417,40
2021-05-19,117345,572549,101,86475,433651,47,65349,335310,41
2021-05-20,117811,574031,101,86778,434650,47,65674,336367,41
2021-05-21,118200,575419,101,87085,435539,47,65947,337269,41
2021-05-22,118474,576476,101,87330,436272,47,66156,337913,41
2021-05-23,118822,577585,101,87580,436992,47,66386,338678,41
2021-05-24,119098,578419,103,87812,437591,47,66554,339257,41
2021-05-25,119384,579228,104,87995,438161,47,66694,339730,41
2021-05-26,119682,580069,104,88204,438730,47,66902,340359,41
2021-05-27,120092,581131,104,88476,439502,47,67108,340965,41
2021-05-28,120592,582398,104,88783,440312,47,67354,341687,41
2021-05-29,120941,583395,104,89036,441057,47,67582,342496,41
2021-05-30,121276,584285,104,89222,441588,47,67789,343065,42
2021-05-31,121552,584843,104,89392,442025,47,67927,343528,42
2021-06-01,121911,585631,104,89617,442531,48,68048,343848,42
2021-06-02,122228,586391,104,89831,443087,48,68214,344337,42
2021-06-03,122705,587189,104,90084,443637,48,68434,344774,42
2021-06-04,123058,587897,104,90334,444134,48,68606,345176,42
2021-06-05,123362,588552,104,90509,444525,48,68807,345571,42
2021-06-06,123561,589061,104,90655,444841,48,68925,345813,42
2021-06-07,123781,589451,104,90806,445123,48,69036,346036,42
2021-06-08,123972,589889,104,90947,445434,48,69144,346267,41
2021-06-09,124238,590516,104,91083,445704,48,69278,346548,41
2021-06-10,124489,590998,104,91226,445973,48,69449,346793,41
2021-06-11,124731,591434,104,91336,446209,48,69564,347031,41
2021-06-12,124934,591791,104,91482,446447,48,69649,347207,41
2021-06-13,125121,592080,104,91586,446630,48,69761,347373,41
2021-06-14,125293,592303,104,91690,446784,48,69838,347495,41
2021-06-15,125506,592593,104,91817,446998,48,69901,347620,41
2021-06-16,125710,592889,104,91930,447167,48,69974,347781,41
2021-06-17,125908,593193,104,92069,447364,48,70064,347917,41
2021-06-18,126060,593476,104,92174,447541,48,70127,348025,41
2021-06-19,126164,593686,104,92246,447700,48,70178,348115,41
2021-06-20,126286,593884,104,92323,447830,48,70243,348224,41
2021-06-21,126369,594052,104,92402,447922,48,70297,348307,41
2021-06-22,126488,594256,104,92474,448069,48,70354,348394,41
2021-06-23,126585,594471,105,92515,448206,48,70410,348499,41
2021-06-24,126700,594699,105,92591,448339,48,70464,348593,41
2021-06-25,126786,594943,105,92635,448469,48,70508,348686,41
2021-06-26,126867,595109,105,92680,448600,48,70554,348769,41
2021-06-27,126935,595280,105,92737,448695,48,70583,348847,41
2021-06-28,127045,595466,105,92784,448805,48,70621,348913,41
2021-06-29,127125,595643,105,92824,448935,48,70658,348987,41
2021-06-30,127195,595837,105,92885,449068,48,70712,349109,41
2021-07-01,127298,596121,105,92965,449269,48,70752,349226,41
2021-07-02,127405,596398,105,93076,449535,48,70817,349341,41
2021-07-03,127540,596715,105,93232,449811,48,70889,349510,41
2021-07-04,127668,597011,105,93447,450144,48,70969,349673,41
2021-07-05,127867,597403,105,93652,450569,48,71078,349862,41
2021-07-06,128161,598009,105,93956,451160,48,71201,350153,41
2021-07-07,128647,599282,105,94387,452120,48,71346,350504,41
2021-07-08,129319,600919,105,95036,453733,48,71612,351098,41
2021-07-09,130201,603352,105,95803,455806,48,71792,351689,41
2021-07-10,131424,606917,105,96849,458464,48,72301,352971,41
2021-07-11,132427,609597,105,98015,461511,48,72692,354002,41
2021-07-12,133282,611969,105,99044,464382,48,73077,354931,41
2021-07-13,134106,614130,106,99999,466987,48,73442,355841,41
2021-07-14,135252,617498,106,101082,470158,48,73923,357018,41
2021-07-15,136407,620713,106,102105,473635,48,74563,358484,41
2021-07-16,137720,624119,106,103122,476857,48,75214,360172,41
2021-07-17,138868,627375,106,104126,479801,48,76016,362054,41
2021-07-18,140097,630539,106,105163,482580,48,76566,363430,41
2021-07-19,141275,633125,106,106355,484913,48,77054,364527,41
2021-07-20,142050,634946,107,107107,486542,48,77632,365670,41
2021-07-21,142838,637060,107,107862,488289,48,78124,366671,41
2021-07-22,143466,638769,107,108512,489870,48,78718,367742,41
2021-07-23,144153,640603,107,109165,491434,48,79305,368812,41
2021-07-24,144787,642177,107,109631,492678,48,79751,369717,41
2021-07-25,145366,643379,107,110070,493783,48,80192,370535,41
2021-07-26,145895,644284,107,110525,494799,48,80506,371167,41
2021-07-27,146457,645427,107,110934,495732,48,80825,371758,41
2021-07-28,146895,646367,107,111252,496624,48,81070,372380,41
2021-07-29,147452,647656,107,111653,497742,48,81409,373091,41
2021-07-30,147854,648657,107,111934,498588,48,81645,373712,41
2021-07-31,148220,649512,107,112214,499312,48,81870,374187,41
2021-08-01,148492,650120,107,112480,499932,48,82048,374547,41
2021-08-02,148750,650673,107,112708,500514,48,82218,374850,41
2021-08-03,148986,651276,107,112928,501099,48,82385,375223,41
2021-08-04,149288,652170,107,113183,501779,48,82565,375675,41
2021-08-05,149623,653264,107,113467,502663,48,82804,376197,41
2021-08-06,149901,654085,107,113723,503492,48,83000,376724,41
2021-08-07,150134,654821,107,113897,504166,48,83159,377140,41
2021-08-08,150382,655530,107,114127,504825,49,83276,377468,41
2021-08-09,150566,656084,107,114327,505442,49,83423,377792,41
2021-08-10,150794,656770,107,114534,506039,49,83540,378118,41
2021-08-11,151003,657406,107,114723,506667,50,83680,378427,41
2021-08-12,151252,658223,107,114956,507424,50,83802,378812,41
2021-08-13,151527,659094,107,115197,508172,50,83925,379230,42
2021-08-14,151746,659842,107,115415,508860,50,84038,379547,42
2021-08-15,151995,660547,107,115615,509520,50,84173,379851,42
2021-08-16,152238,661145,107,115848,510215,50,84277,380206,42
2021-08-17,152476,661798,107,116092,510897,50,84405,380567,42
2021-08-18,152749,662615,107,116388,511715,50,84547,380998,42
2021-08-19,153016,663437,107,116619,512431,50,84656,381340,43
2021-08-20,153249,664106,107,116846,513128,50,84743,381636,43
2021-08-21,153494,664867,107,117121,513875,50,84840,381919,43
2021-08-22,153749,665563,108,117393,514639,50,84958,382266,43
2021-08-23,154019,666260,108,117680,515341,50,85070,382588,43
2021-08-24,154324,666960,108,117976,516096,50,85174,382865,43
2021-08-25,154622,667872,108,118309,516912,50,85285,383223,43
2021-08-26,154927,668664,108,118607,517654,50,85389,383576,43
2021-08-27,155207,669589,108,118941,518513,50,85478,383904,43
2021-08-28,155530,670445,108,119210,519099,50,85587,384211,43
2021-08-29,155777,671119,108,119495,519792,50,85683,384505,43
2021-08-30,156074,671838,108,119776,520328,50,85785,384741,43
2021-08-31,156381,672545,108,120101,520932,50,85876,385018,44
2021-09-01,156751,673482,108,120506,521623,50,85995,385323,44
2021-09-02,157102,674360,108,120920,522335,50,86101,385635,44
2021-09-03,157420,675109,108,121324,522983,50,86198,385959,44
2021-09-04,157705,675955,108,121655,523723,50,86319,386326,45
2021-09-05,158040,676652,108,122018,524301,50,86429,386590,45
2021-09-06,158378,677199,108,122358,524826,50,86535,386849,45
2021-09-07,158791,677847,108,122742,525403,50,86648,387170,45
2021-09-08,159198,678655,108,123222,526069,50,86747,387491,45
2021-09-09,159574,679304,108,123600,526660,50,86848,387758,45
2021-09-10,160002,680124,108,123956,527276,50,86957,388116,45
2021-09-11,160353,680808,108,124233,527842,50,87052,388341,45
2021-09-12,160680,681362,108,124513,528391,50,87162,388603,45
2021-09-13,160957,681808,108,124765,528830,50,87274,388816,45
2021-09-14,161343,682401,108,124991,529286,50,87376,389062,45
2021-09-15,161740,683134,108,125264,529883,50,87503,389289,45
2021-09-16,162139,683717,109,125493,530406,50,87614,389541,45
2021-09-17,162526,684451,110,125721,530854,50,87701,389794,45
2021-09-18,162869,685069,110,125928,531306,50,87813,390062,45
2021-09-19,163185,685556,110,126074,531676,50,87911,390308,45
2021-09-20,163424,685908,111,126203,531971,50,88029,390500,45
2021-09-21,163755,686448,111,126331,532313,50,88153,390699,45
2021-09-22,164080,687105,111,126489,532667,50,88288,390970,45
2021-09-23,164380,687687,111,126625,533085,50,88400,391245,45
2021-09-24,164638,688268,111,126767,533460,50,88489,391481,45
2021-09-25,164873,688834,111,126919,533811,50,88576,391682,45
2021-09-26,165126,689337,111,127041,534145,50,88704,391939,45
2021-09-27,165347,689796,112,127169,534435,50,88793,392138,45
2021-09-28,165631,690371,112,127324,534809,50,88889,392361,45
2021-09-29,165876,690973,112,127494,535151,50,89006,392640,45
2021-09-30,166091,691534,112,127617,535579,50,89116,392906,45
2021-10-01,166329,692140,112,127762,535959,50,89207,393158,46
2021-10-02,166525,692722,112,127889,536353,50,89288,393436,46
2021-10-03,166721,693261,112,128020,536724,50,89374,393716,46
2021-10-04,166948,693823,112,128146,537095,50,89465,393963,46
2021-10-05,167257,694529,112,128303,537464,50,89560,394209,46
2021-10-06,167530,695165,112,128485,537845,51,89669,394522,46
2021-10-07,167929,696102,112,128728,538469,51,89812,394922,46
2021-10-08,168305,697109,112,128938,539038,51,89922,395411,46
2021-10-09,168613,697984,112,129149,539597,51,90055,395826,46
2021-10-10,168888,698684,112,129346,540170,51,90185,396209,46
2021-10-11,169260,699612,112,129590,540804,51,90331,396596,46
2021-10-12,169749,700615,112,129817,541398,51,90474,397027,46
2021-10-13,170240,701839,112,130125,542303,51,90661,397628,46
2021-10-14,170761,703093,112,130410,543115,51,90831,398209,46
2021-10-15,171242,704438,112,130705,543977,52,91007,398758,46
2021-10-16,171676,705696,113,130969,544864,52,91173,399450,46
2021-10-17,172092,706778,113,131296,545749,52,91393,400192,46
2021-10-18,172487,707804,113,131576,546566,52,91617,400804,46
2021-10-19,172952,709131,113,131833,547373,52,91867,401593,46
2021-10-20,173430,710596,113,132178,548528,52,92125,402466,46
2021-10-21,174003,712303,113,132524,549789,52,92433,403466,46
2021-10-22,174629,714469,113,132917,551147,52,92689,404535,46
2021-10-23,175119,716476,113,133279,552545,52,92967,405675,47
2021-10-24,175734,718653,113,133630,554001,52,93319,407014,47
2021-10-25,176266,720403,113,133998,555359,52,93578,408043,47
2021-10-26,176848,722303,113,134381,556765,52,93821,409276,47
2021-10-27,177575,724824,113,134858,558634,52,94145,410618,47
2021-10-28,178332,727683,113,135290,560416,52,94492,412124,47
2021-10-29,178939,730473,113,135686,562177,53,94820,413630,47
